epoch,time,train/box_loss,train/cls_loss,train/dfl_loss,metrics/precision(B),metrics/recall(B),metrics/mAP50(B),metrics/mAP50-95(B),val/box_loss,val/cls_loss,val/dfl_loss,lr/pg0,lr/pg1,lr/pg2,lr/pg3,lr/pg4,lr/pg5,lr/pg6,lr/pg7
1,49.0159,2.15577,4.94614,1.41377,0,0,0,0,2.00684,4.92691,1.15932,0.000359429,0.00011981,0.000359429,0.00011981,0.000359429,0.00011981,0.000359429,0.00011981
2,65.156,2.1229,4.90038,1.32258,0,0,0,0,2.05182,4.86891,1.11173,0.000722207,0.000240736,0.000722207,0.000240736,0.000722207,0.000240736,0.000722207,0.000240736
3,79.6688,2.10681,4.83796,1.23991,0.01467,0.00192,0.00781,0.00496,2.07778,4.79156,1.07675,0.00107766,0.00035922,0.00107766,0.00035922,0.00107766,0.00035922,0.00107766,0.00035922
4,94.5561,2.11316,4.75021,1.18482,0.01491,0.00942,0.00966,0.00578,2.13073,4.60245,1.06949,0.00107703,0.000359011,0.00107703,0.000359011,0.00107703,0.000359011,0.00107703,0.000359011
5,109.063,2.18391,4.60131,1.1501,0.01787,0.02611,0.01424,0.00828,2.22383,4.34317,1.06776,0.00106604,0.000355348,0.00106604,0.000355348,0.00106604,0.000355348,0.00106604,0.000355348
6,123.151,2.24323,4.40322,1.13739,0.01742,0.04683,0.01695,0.00927,2.31046,3.98923,1.08973,0.00105505,0.000351685,0.00105505,0.000351685,0.00105505,0.000351685,0.00105505,0.000351685
7,137.839,2.34375,4.11933,1.13039,0.01847,0.06091,0.02012,0.01103,2.37389,3.86388,1.09015,0.00104407,0.000348022,0.00104407,0.000348022,0.00104407,0.000348022,0.00104407,0.000348022
8,152.516,2.37384,3.89856,1.13169,0.67886,0.04361,0.0231,0.01251,2.39449,3.90697,1.09118,0.00103308,0.000344359,0.00103308,0.000344359,0.00103308,0.000344359,0.00103308,0.000344359
9,167.151,2.35399,3.7391,1.12294,0.77292,0.03615,0.026,0.01377,2.4149,3.65542,1.08443,0.00102209,0.000340696,0.00102209,0.000340696,0.00102209,0.000340696,0.00102209,0.000340696
10,181.957,2.35981,3.54935,1.11454,0.82041,0.03725,0.02645,0.01377,2.40829,3.45379,1.07394,0.0010111,0.000337033,0.0010111,0.000337033,0.0010111,0.000337033,0.0010111,0.000337033
11,196.883,2.36625,3.34752,1.10475,0.82021,0.03958,0.02772,0.01419,2.4002,3.32597,1.07179,0.00100011,0.00033337,0.00100011,0.00033337,0.00100011,0.00033337,0.00100011,0.00033337
12,211.871,2.34901,3.22331,1.10086,0.73551,0.03668,0.02912,0.01527,2.40656,3.22087,1.06822,0.000989121,0.000329707,0.000989121,0.000329707,0.000989121,0.000329707,0.000989121,0.000329707
13,226.157,2.3366,3.09591,1.09587,0.64872,0.03611,0.03094,0.01679,2.39857,3.10148,1.05989,0.000978132,0.000326044,0.000978132,0.000326044,0.000978132,0.000326044,0.000978132,0.000326044
14,240.642,2.33845,2.96517,1.0852,0.3838,0.04005,0.03162,0.01691,2.39692,3.01006,1.05712,0.000967143,0.000322381,0.000967143,0.000322381,0.000967143,0.000322381,0.000967143,0.000322381
15,255.656,2.33263,2.80516,1.07878,0.38423,0.04104,0.03467,0.01846,2.39238,2.92176,1.05039,0.000956154,0.000318718,0.000956154,0.000318718,0.000956154,0.000318718,0.000956154,0.000318718
16,270.68,2.33471,2.7995,1.07687,0.25826,0.04115,0.0356,0.01898,2.38859,2.84845,1.04498,0.000945165,0.000315055,0.000945165,0.000315055,0.000945165,0.000315055,0.000945165,0.000315055
17,285.268,2.33236,2.69677,1.07268,0.39294,0.04051,0.03821,0.02094,2.37377,2.77431,1.04279,0.000934176,0.000311392,0.000934176,0.000311392,0.000934176,0.000311392,0.000934176,0.000311392
18,300.617,2.2964,2.69698,1.06279,0.35389,0.04061,0.03995,0.02191,2.34794,2.72099,1.03918,0.000923187,0.000307729,0.000923187,0.000307729,0.000923187,0.000307729,0.000923187,0.000307729
19,315.442,2.27789,2.57976,1.05877,0.22719,0.04175,0.0409,0.02275,2.33144,2.66294,1.03643,0.000912198,0.000304066,0.000912198,0.000304066,0.000912198,0.000304066,0.000912198,0.000304066
20,330.06,2.25545,2.51639,1.0564,0.22783,0.04245,0.04217,0.02329,2.33737,2.60423,1.0314,0.000901209,0.000300403,0.000901209,0.000300403,0.000901209,0.000300403,0.000901209,0.000300403
21,345.213,2.2684,2.45358,1.0559,0.27685,0.04291,0.0424,0.02367,2.31248,2.55991,1.0307,0.00089022,0.00029674,0.00089022,0.00029674,0.00089022,0.00029674,0.00089022,0.00029674
22,360.636,2.26129,2.4406,1.0539,0.3141,0.04593,0.04378,0.02445,2.31089,2.52022,1.03039,0.000879231,0.000293077,0.000879231,0.000293077,0.000879231,0.000293077,0.000879231,0.000293077
23,376.165,2.2026,2.35327,1.0398,0.31797,0.04584,0.04419,0.02529,2.31053,2.49837,1.02918,0.000868242,0.000289414,0.000868242,0.000289414,0.000868242,0.000289414,0.000868242,0.000289414
24,390.946,2.19918,2.30297,1.04215,0.31554,0.04717,0.04526,0.02566,2.3097,2.4509,1.02238,0.000857253,0.000285751,0.000857253,0.000285751,0.000857253,0.000285751,0.000857253,0.000285751
25,405.986,2.2179,2.30154,1.04364,0.31379,0.0491,0.04851,0.02769,2.30335,2.4258,1.01932,0.000846264,0.000282088,0.000846264,0.000282088,0.000846264,0.000282088,0.000846264,0.000282088
26,421.008,2.17523,2.27296,1.03106,0.14297,0.06382,0.05061,0.02927,2.30097,2.40983,1.02312,0.000835275,0.000278425,0.000835275,0.000278425,0.000835275,0.000278425,0.000835275,0.000278425
27,436.213,2.20395,2.25417,1.04654,0.1898,0.0617,0.0543,0.03075,2.29904,2.38194,1.02044,0.000824286,0.000274762,0.000824286,0.000274762,0.000824286,0.000274762,0.000824286,0.000274762
28,451.678,2.16221,2.21944,1.03787,0.15671,0.06451,0.05784,0.0328,2.29296,2.35857,1.01991,0.000813297,0.000271099,0.000813297,0.000271099,0.000813297,0.000271099,0.000813297,0.000271099
29,467.175,2.13442,2.16411,1.02677,0.10554,0.08275,0.06049,0.03444,2.28885,2.34311,1.01861,0.000802308,0.000267436,0.000802308,0.000267436,0.000802308,0.000267436,0.000802308,0.000267436
30,482.481,2.1756,2.1557,1.02917,0.10898,0.081,0.05948,0.03379,2.28411,2.33522,1.01721,0.000791319,0.000263773,0.000791319,0.000263773,0.000791319,0.000263773,0.000791319,0.000263773
31,497.615,2.19647,2.16195,1.02829,0.11154,0.08625,0.0619,0.03535,2.30051,2.32484,1.01744,0.00078033,0.00026011,0.00078033,0.00026011,0.00078033,0.00026011,0.00078033,0.00026011
32,512.801,2.12903,2.10769,1.02452,0.11398,0.08776,0.0649,0.03698,2.30935,2.30721,1.01826,0.000769341,0.000256447,0.000769341,0.000256447,0.000769341,0.000256447,0.000769341,0.000256447
33,527.949,2.16455,2.10494,1.02576,0.11799,0.09139,0.06743,0.0375,2.29695,2.29585,1.01582,0.000758352,0.000252784,0.000758352,0.000252784,0.000758352,0.000252784,0.000758352,0.000252784
34,543.273,2.09777,2.07599,1.02675,0.1159,0.08948,0.0674,0.03777,2.2964,2.28528,1.01511,0.000747363,0.000249121,0.000747363,0.000249121,0.000747363,0.000249121,0.000747363,0.000249121
35,558.683,2.15968,2.04054,1.01398,0.11548,0.09055,0.06783,0.03767,2.29815,2.28271,1.01422,0.000736374,0.000245458,0.000736374,0.000245458,0.000736374,0.000245458,0.000736374,0.000245458
36,574.028,2.10035,2.04047,1.01219,0.1962,0.10004,0.07146,0.0398,2.31106,2.27141,1.01485,0.000725385,0.000241795,0.000725385,0.000241795,0.000725385,0.000241795,0.000725385,0.000241795
37,589.355,2.13357,2.02952,1.01475,0.19788,0.1039,0.07388,0.04129,2.29646,2.24923,1.01239,0.000714396,0.000238132,0.000714396,0.000238132,0.000714396,0.000238132,0.000714396,0.000238132
38,605.289,2.14484,1.98978,1.00834,0.10423,0.13502,0.07618,0.04292,2.28204,2.22388,1.00963,0.000703407,0.000234469,0.000703407,0.000234469,0.000703407,0.000234469,0.000703407,0.000234469
39,620.563,2.10502,1.97962,1.00886,0.19931,0.13402,0.07857,0.04363,2.28264,2.22079,1.01158,0.000692418,0.000230806,0.000692418,0.000230806,0.000692418,0.000230806,0.000692418,0.000230806
40,635.765,2.09523,1.96536,1.00945,0.20575,0.134,0.08249,0.04597,2.28747,2.21658,1.01017,0.000681429,0.000227143,0.000681429,0.000227143,0.000681429,0.000227143,0.000681429,0.000227143
41,650.9,2.08397,1.951,1.00688,0.16442,0.13721,0.08274,0.04531,2.29296,2.20886,1.01012,0.00067044,0.00022348,0.00067044,0.00022348,0.00067044,0.00022348,0.00067044,0.00022348
42,666.37,2.12035,1.98916,1.00977,0.16097,0.13376,0.0841,0.04646,2.30139,2.20779,1.01082,0.000659451,0.000219817,0.000659451,0.000219817,0.000659451,0.000219817,0.000659451,0.000219817
43,682.021,2.10113,1.94312,1.00955,0.16,0.1333,0.08299,0.04554,2.30321,2.20046,1.00981,0.000648462,0.000216154,0.000648462,0.000216154,0.000648462,0.000216154,0.000648462,0.000216154
44,697.449,2.09341,1.91721,0.99899,0.16156,0.13302,0.08395,0.04695,2.28806,2.19709,1.0073,0.000637473,0.000212491,0.000637473,0.000212491,0.000637473,0.000212491,0.000637473,0.000212491
45,712.777,2.08683,1.89066,0.99776,0.19935,0.14166,0.08403,0.04652,2.30509,2.20739,1.01043,0.000626484,0.000208828,0.000626484,0.000208828,0.000626484,0.000208828,0.000626484,0.000208828
46,727.909,2.08149,1.90296,1.00269,0.07968,0.15559,0.09561,0.0561,2.29096,2.19142,1.00751,0.000615495,0.000205165,0.000615495,0.000205165,0.000615495,0.000205165,0.000615495,0.000205165
47,743.502,2.05365,1.88022,0.99907,0.07768,0.15906,0.09496,0.05426,2.27759,2.16228,1.00566,0.000604506,0.000201502,0.000604506,0.000201502,0.000604506,0.000201502,0.000604506,0.000201502
48,759.541,2.07971,1.89473,0.99737,0.0883,0.16208,0.10156,0.05996,2.27103,2.16401,1.00784,0.000593517,0.000197839,0.000593517,0.000197839,0.000593517,0.000197839,0.000593517,0.000197839
49,774.652,2.05287,1.86186,0.99294,0.09431,0.17361,0.10879,0.06581,2.27704,2.16436,1.00684,0.000582528,0.000194176,0.000582528,0.000194176,0.000582528,0.000194176,0.000582528,0.000194176
50,789.641,2.04325,1.87778,1.00076,0.08819,0.17038,0.10704,0.06541,2.27516,2.15537,1.00444,0.000571539,0.000190513,0.000571539,0.000190513,0.000571539,0.000190513,0.000571539,0.000190513
51,805.186,2.09402,1.85552,0.99465,0.09674,0.16916,0.11139,0.06802,2.30475,2.15832,1.00766,0.00056055,0.00018685,0.00056055,0.00018685,0.00056055,0.00018685,0.00056055,0.00018685
52,820.597,2.03373,1.82378,0.99248,0.09369,0.17654,0.1131,0.06965,2.27651,2.14386,1.00746,0.000549561,0.000183187,0.000549561,0.000183187,0.000549561,0.000183187,0.000549561,0.000183187
53,835.931,2.04971,1.81632,0.9943,0.09419,0.18287,0.11798,0.07404,2.27938,2.14768,1.00782,0.000538572,0.000179524,0.000538572,0.000179524,0.000538572,0.000179524,0.000538572,0.000179524
54,851.164,2.0419,1.81765,0.9915,0.09077,0.1839,0.11563,0.07068,2.27915,2.13605,1.00865,0.000527583,0.000175861,0.000527583,0.000175861,0.000527583,0.000175861,0.000527583,0.000175861
55,866.783,2.04696,1.80832,0.99328,0.09218,0.18682,0.11627,0.07064,2.26885,2.1281,1.00526,0.000516594,0.000172198,0.000516594,0.000172198,0.000516594,0.000172198,0.000516594,0.000172198
56,882.318,2.05671,1.83734,0.99673,0.09445,0.1834,0.11633,0.07129,2.26784,2.12839,1.00349,0.000505605,0.000168535,0.000505605,0.000168535,0.000505605,0.000168535,0.000505605,0.000168535
57,897.697,2.06378,1.82813,0.98734,0.09447,0.19085,0.12007,0.07219,2.27853,2.13316,1.00659,0.000494616,0.000164872,0.000494616,0.000164872,0.000494616,0.000164872,0.000494616,0.000164872
58,913.255,2.0331,1.79479,0.99733,0.09411,0.18893,0.11705,0.07095,2.2636,2.12013,1.00352,0.000483627,0.000161209,0.000483627,0.000161209,0.000483627,0.000161209,0.000483627,0.000161209
59,928.648,2.03884,1.773,0.98808,0.09447,0.18281,0.11499,0.06816,2.30971,2.14192,1.00909,0.000472638,0.000157546,0.000472638,0.000157546,0.000472638,0.000157546,0.000472638,0.000157546
60,943.7,2.03197,1.77858,0.98332,0.09308,0.19177,0.11739,0.07036,2.27866,2.12555,1.00581,0.000461649,0.000153883,0.000461649,0.000153883,0.000461649,0.000153883,0.000461649,0.000153883
61,958.968,2.01997,1.75617,0.98578,0.09701,0.19584,0.11795,0.07131,2.27386,2.11479,1.00549,0.00045066,0.00015022,0.00045066,0.00015022,0.00045066,0.00015022,0.00045066,0.00015022
62,975.431,2.03177,1.7749,0.98243,0.09646,0.19802,0.118,0.07179,2.27161,2.11476,1.00453,0.000439671,0.000146557,0.000439671,0.000146557,0.000439671,0.000146557,0.000439671,0.000146557
63,991.13,2.01267,1.78481,0.99097,0.09221,0.19124,0.11415,0.06861,2.26716,2.10709,1.00344,0.000428682,0.000142894,0.000428682,0.000142894,0.000428682,0.000142894,0.000428682,0.000142894
